Asignatura;Identificador;TituloIndice;Enunciado;Opciones;RespuestaCorrecta;Comentario;Anulada;Imagen;Dificultad
VASCULAR;MIR 2006-2007, P62;1. La Isquemia Arterial Crónica;Un hombre de 80 años refiere desde hace nueve meses dolor intermitente en piernas y parestesias que aparecen después de caminar 100-200 metros. Los síntomas comienzan en las zonas distales de las extremidades inferiores, ascienden a los glúteos y se acompañan de dolor lumbar. Los episodios son más frecuentes cuando camina cuesta abajo que cuesta arriba y se alivia al sentarse o ponerse en cuclillas o flexionándose hacia delante mientras sigue caminando. La exploración neurológica es normal. ¿Cuál de los siguientes diagnósticos es el más probable?:;1. Disco torácico herniado. | 2. Estenosis espinal lumbar. | 3. Estenosis de la arteria iliaca. | 4. Miastenia gravis. | 5. Neuropatía periférica desmielinizante;2;--;NO;--;MEDIO
VASCULAR;MIR 2006-2007, P75;1. La Isquemia Arterial Crónica;Está indicado conseguir un objetivo de LDLcolesterol < 100 mg/dl en todas la siguientes situaciones MENOS una:;1. Diabetes Mellitus tipo 2. | 2. Varón de 45 años fumador con antecedentes de muerte súbita en su padre a los 60 años. | 3. Antecedentes personales de coronariopatía. | 4. Estenosis carotidea ateroscleriótica > 50%. | 5. Arteriopatía periférica;2;--;NO;--;MEDIO
VASCULAR;MIR 2008-2009, P252;1. La Isquemia Arterial Crónica;Paciente de 65 años de edad, con antecedentes de diabetes, artrosis, claudicación intermitente gemelar bilateral y ausencia de cardiopatías. Acude a urgencias refiriendo dolor en reposo y frialdad de pie y pierna izquierda de 4 horas de evolución. La exploración muestra en miembro inferior izquierdo, pie pálido y frío y ausencia de pulsos a todos los niveles, en miembro inferior derecho, el pie está caliente con ausencia de pulso poplíteo y distales. El diagnóstico clínico más probable es:;1. Isquemia aguda de miembros inferiores por embolia bilateral. | 2. Artrosis vertebral con estenosis del canal lumbar. | 3. Isquemia aguda de miembro inferior izdo. por embolia iliaca. | 4. Neuropatía diabética de miembros inferiores. | 5. Isquemia aguda de miembro inferior izdo. por trombosis arterial;5;--;NO;--;MEDIO
VASCULAR;MIR 2011-2012, P55;1. La Isquemia Arterial Crónica;Hombre de 64 años que consulta por dolor en la pantorrilla derecha cuando sube cuestas y escaleras y cuando anda en llano durante un tiempo prolongado. Refiere que el dolor se hace tan intenso con el esfuerzo que le obliga a pararse, lo que hace que mejore el dolor en cuestión de minutos. Como antecedentes personales, destaca que el paciente es fumador de 20 cigarrillos al día, diabético en tratamiento con metformina e hipertenso. A la exploración, se objetiva una buena perfusión periférica del pie derecho, pero presenta un pulso pedio disminuído. ¿Qué prueba complementaria, entre las siguientes, debe solicitar inicialmente para el diagnóstico y valoración de la gravedad de la enfermedad de este paciente?;1. Arteriografía de extremidades inferiores. | 2. Índice tobillo-brazo. | 3. Tomografía axial computerizada con reconstrucción vascular de extremidades inferiores. | 4. Prueba de esfuerzo en cinta. | 5. Resonancia magnética;2;--;NO;--;DIFICIL
VASCULAR;MIR 2012-2013, P137;1. La Isquemia Arterial Crónica;Un paciente de 56 años de edad va a ser intervenido por un cáncer de esófago en las próximas cuatro semanas. Entre sus antecedentes personales destaca una cardiopatía isquémica que precisó de la implantación, 11 meses antes, de 4 endoprótesis coronarias (“stents”) recubiertas con fármacos. Por ese motivo se encuentra en tratamiento con doble antiagregación plaquetaria con 100 mg de ácido acetilsalicílico y 75 mg de clopidogrel al día. ¿Qué decisión se debería tomar sobre la antiagregación preoperatoria del paciente?;1. Suspender ambos antiagregantes plaquetarios 7 días antes de la operación, por el riesgo de hemorragia durante la intervención. | 2. Sustituir la doble antiagregación 7 días antes de la intervención, por heparina de bajo peso molecular, a una dosis de 0,5 mg por Kg de peso cada 12 horas, administrando la última dosis 12 horas antes de la intervención quirúrgica. | 3. Suspender el clopidogrel 7 días antes de la operación y mantener el ácido acetil salicílico hasta el día de la intervención, para prevenir la obstrucción de los “stents” coronarios sin aumentar en exceso el riesgo de hemorragia intraoperatoria. | 4. Mantener los dos antiagregantes plaquetarios 7 días antes de la intervención, dado que existe un riesgo muy elevado de obstrucción de los “stents” coronarios. | 5. Suspender el ácido acetil salicílico, mantener el clopidogrel hasta la intervención y complementar con heparina de bajo peso molecular hasta 12 horas antes de la misma;3;--;NO;--;MEDIO
VASCULAR;MIR 2014-2015, P9;1. La Isquemia Arterial Crónica;Pregunta vinculada a la imagen nº5 Hombre de 62 años, fumador de 20 cigarrillos diarios desde hace 30 años e hipertenso, que acude a la consulta por presentar dolor al caminar en zona glútea que comienza a una distancia de 300 metros y que desaparece con el reposo a los 5 minutos. Se realiza un índice Tobillo/Brazo cuya imagen se adjunta. ¿Cuál es el diagnóstico?;1. Isquemia crítica de miembro inferior derecho. | 2. Isquemia aguda por embolismo arterial. | 3. Isquemia crónica por oclusión ilíaca izquierda. | 4. Síndrome de Leriche por oclusión ilíaca bilateral. | 5. Radiculopatía;3;--;NO;imagenes/VASCULAR_ordenadas_por_temas_(hasta_2026)/1._La_Isquemia_Arterial_Cronica/MIR_2014-2015,_P9_p6_1.png;MEDIO
VASCULAR;MIR 2014-2015, P10;1. La Isquemia Arterial Crónica;Pregunta vinculada a la imagen nº5 ¿En este paciente cuál debe ser el tratamiento inicial?;1. Realizar una angiografía diagnóstica más una fibrinolisis asociada. | 2. Modificar los factores de riesgo vascular, ejercicio físico y tratamiento médico. | 3. La cirugía de revascularización mediante bypass o mediante cirugía endovascular. | 4. Realizar una embolectomía urgente. | 5. Tratamiento analgésico y disminuir el ejercicio físico hasta que mejoren los síntomas;2;--;NO;imagenes/VASCULAR_ordenadas_por_temas_(hasta_2026)/1._La_Isquemia_Arterial_Cronica/MIR_2014-2015,_P10_p7_1.png;MEDIO
VASCULAR;MIR 2014-2015, P89;1. La Isquemia Arterial Crónica;En relación con los factores de riesgo de las enfermedades cardiovasculares, ¿cuál de las siguientes afirmaciones NO es correcta?;1. En cuanto al colesterol LDL, el objetivo terapéutico depende del riesgo cardiovascular global. | 2. Los pacientes diabéticos tipo 2 deben considerarse de alto riesgo cardiovascular y el objetivo en cuanto a colesterol LDL debe ser <100 mg/dL. | 3. No hay evidencia suficiente de que niveles bajos de colesterol HDL supongan un factor de riesgo cardiovascular. | 4. Lo importante en el riesgo asociado a hipertensión arterial es que mejora cuando se reduce la presión arterial independientemente del tipo de fármaco utilizado. | 5. La existencia de enfermedad coronaria en la familia es un factor de riesgo para el paciente;3;--;NO;--;FACIL
VASCULAR;MIR 2016-2017, P66;1. La Isquemia Arterial Crónica;El método hemodinámico más importante en el diagnóstico de la isquemia crónica de las extremidades inferiores es:;1. Análisis de las curvas de flujo por velocimetría doppler. | 2. Medición segmentaria de presiones. | 3. Valoración del índice tobillo-brazo o índice de Yao. | 4. Pletismografía a nivel distal de las extremidades;3;--;NO;--;FACIL
VASCULAR;MIR 2018-2019, P2;1. La Isquemia Arterial Crónica;Pregunta vinculada a la imagen nº2. Mujer de 51 años con antecedentes de tabaquismo activo, obesidad y sedentarismo. Refiere desde hace 5 meses molestias en sus pìernas a la deambulación con sensación de pesadez. Desde hace 3 semanas asocia frialdad, dolor muscular y parestesias en la planta de los pies y tobillos que la obliga a detenerse tras recorrer algunos metros. En el estudio se realiza una angioTC abdominal y de MMII (imagen). A raíz d e estos resultados, ¿cuál de las arterias no está afectada?;1. Arteria peronea izquierda. | 2. Arteria tibial anterior izquierda. | 3. Arteria tibial posterior derecha. | 4. Arteria poplítea derecha.;4;--;NO;imagenes/VASCULAR_ordenadas_por_temas_(hasta_2026)/1._La_Isquemia_Arterial_Cronica/MIR_2018-2019,_P2_p8_1.png;MEDIO
VASCULAR;MIR 2018-2019, P32;1. La Isquemia Arterial Crónica;Pregunta vinculada a la imagen nº32. Mujer de 53 años derivada desde atención primaria a consultas de medicina interna para estudio de fiebre de origen desconocido y cuadro constitucional. No se asocia ninguna otra sintomatología. En los estudios analíticos se observa anemia normocítica con aumento de PCR (148 mg/L). Se realiza una amplia batería de pruebas (que incluye hemocultivos, serologías, estudios de auto inmunidad, biopsia de arteria temporal, ecocardiograma transtorácico , ecografía abdominal y gammagrafía con galio) que no resultan diagnósticas. Se decide realizar la prueba que se aporta (imagen). ¿Cuál de los siguientes diagnósticos le parece MENOS probable?;1. Enfermedad por Ig G4. | 2. Enfermedad de Takayasu. | 3. Arteritis de la arteria temporal. | 4. Tromboangeitis obliterante.;4;--;NO;imagenes/VASCULAR_ordenadas_por_temas_(hasta_2026)/1._La_Isquemia_Arterial_Cronica/MIR_2018-2019,_P32_p9_1.png;DIFICIL
VASCULAR;MIR 2019-2020, P125;1. La Isquemia Arterial Crónica;¿Cuál de las siguientes afirmaciones es cierta en relación con el síndrome de Leriche?:;1. Es un cuadro clínico que comprende la triada claudicación plantar, impotencia coeundi y ausencia de pulsos distales. | 2. Es consecuencia de una oclusión fémoropoplítea bilateral. | 3. Los pulsos femorales están ausentes. | 4. La arteriografía es la primera prueba diagnóstica a realizar;3;--;NO;--;FACIL
VASCULAR;MIR 2020-2021, P135;1. La Isquemia Arterial Crónica;Paciente de 64 años, fumador de 1 paquete al día, con antecedentes personales de diabetes mellitus tipo 2 y dislipemia, que acude a consulta refiriendo dolor en la pantorrilla derecha cuando camina 200 metros y que mejora con el reposo. ¿Qué prueba le realizaría en primer lugar?:;1. Índice tobillo brazo. | 2. Eco Doppler de miembros inferiores. | 3. Radiografía de columna lumbar. | 4. TC abdominal;1;--;NO;--;MEDIO
VASCULAR;MIR 2020-2021, P139;1. La Isquemia Arterial Crónica;Respecto a la tromboangitis obliterante (enfermedad de Buerger) señale la :;1. Predomina en el sexo femenino. | 2. La presencia de reactantes de fase aguda determina el pronóstico. | 3. La evolución de las lesiones depende fundamentalmente de la supresión del hábito tabáquico. | 4. Se caracteriza por ser una trombosis inflamatoria segmentaria, ateromatosa, que afecta a arterias y venas de mediano y pequeño calibre;3;--;NO;--;FACIL
VASCULAR;MIR 2022-2023, P30;1. La Isquemia Arterial Crónica;El flujo sanguíneo turbulento tiende a aumentar en proporción directa a todos los siguientes factores EXCEPTO UNO. Señale cuál:;1. Viscosidad de la sangre. | 2. Velocidad del flujo sanguíneo. | 3. Diámetro del vaso sanguíneo. | 4. Densidad de la sangre;1;--;NO;--;FACIL
VASCULAR;MIR 2023-2024, P179;1. La Isquemia Arterial Crónica;Mujer de 23 años que seis meses antes inició cuadro de astenia y febrícula y en el último mes se añadió dolor en extremidad superior derecha, sobre todo con la movilización y la elevación mantenida. En la exploración física se detectó un soplo en la zona supraclavicular derecha, una disminución del pulso radial derecho y una disminución de presión arterial de 30 mmHg en esta extremidad respecto a la izquierda. La VSG fue de 20 mm y la bioquímica y el hemograma no mostraron alteraciones destacables. Con la sospecha diagnóstica inicial de una vasculitis de grandes vasos, señale la respuesta INCORRECTA:;1. Algunos pacientes presentan estenosis arteriales establecidas que se detectan de forma casual en una fase inactiva. | 2. Sus manifestaciones vasculares periféricas son soplos vasculares, disminución de pulsos y claudicación de extremidades en más de la mitad de los pacientes. | 3. La VSG normal descartaría el diagnóstico de sospecha. | 4. Un estudio angiográfico con resonancia magnética es de gran utilidad en su diagnóstico, ya que proporciona información de la luz vascular y de la afectación inflamatoria de la pared de la aorta y sus ramas principales;3;--;NO;--;DIFICIL
VASCULAR;MIR 2023-2024, P189;1. La Isquemia Arterial Crónica;En relación con el índice tobillo-brazo, señale la :;1. Se obtiene calculando la relación entre la presión diastólica en el tobillo y la presión diastólica braquial. | 2. Se considera normal si se obtienen valores entre 1 y 1,5. | 3. Tiene una sensibilidad del 95 % y una especificidad del 60 % para el diagnóstico de enfermedad arterial periférica. | 4. Se considera un indicador por sí mismo de enfermedad arteriosclerótica;4;--;NO;--;DIFICIL
VASCULAR;MIR 2024-2025, P22;1. La Isquemia Arterial Crónica;Pregunta asociada a la imagen 22. Mujer de 58 años acude a urgencias por dolor en la punta de los dedos de la mano. No tiene alergias conocidas, ni hábitos tóxicos. Entre los antecedentes explica tres abortos, una apendicetomía, sensación frecuente de reflujo retroesternal y, desde hace unos 5 años aproximadamente, presenta con la exposición al frío episodios de palidez en los dedos de ambas manos que cada vez se han hecho más intensos. A la vista de la imagen, ¿cuál de las siguientes actitudes se plantea realizar en primer lugar?:;1. Solicitar una TC torácica. | 2. Valoración de tratamiento quirúrgico por cirugía vascular. | 3. Determinación de ANA y anti-centrómero. | 4. Tratamiento vasodilatador con prostaglandinas intravenosas;4;--;NO;imagenes/VASCULAR_ordenadas_por_temas_(hasta_2026)/1._La_Isquemia_Arterial_Cronica/MIR_2024-2025,_P22_p12_1.png;MEDIO
VASCULAR;MIR 2013-2014, P75;1. La Isquemia Arterial Crónica;La isquemia aguda de una extremidad consiste en una disminución brusca de la perfusión arterial. Es importante diferenciar entre trombosis y embolia arterial para poder indicar el tratamiento más adecuado. ¿Cuál de las siguientes es la correcta?;1. La presencia de foco embolígeno y pulsos distales en la extremidad contralateral hace sospechar una trombosis arterial. | 2. Si el paciente tiene antecedentes de claudicación y la clínica es de inicio brusco sospecharemos embolia arterial en primer lugar. | 3. Si la extremidad contralateral tiene todos los pulsos presentes y la clínica se inicia de forma lenta, sospecharemos una trombosis arterial. | 4. Si la clínica se inicia de forma brusca en un paciente con foco embolígeno sospecharemos una embolia arterial. | 5. Si el paciente es portador de una derivación arterial previa sospecharemos de embolia arterial;4;--;NO;--;MEDIO
VASCULAR;MIR 2019-2020, P126;1. La Isquemia Arterial Crónica;Hombre de 73 años con antecedente de infarto agudo de miocardio tratado con angioplastia coronaria transluminal percutánea hace 6 semanas. Acude a urgencias por dolor brusco, frialdad y pérdida de motilidad de la extremidad inferior derecha. En la exploración está presente el pulso femoral derecho, con ausencia del resto de los pulsos de esa extremidad. Conserva pulsos a todos los niveles en la extremidad contralateral. Respecto al diagnóstico de sospecha, señale la afirmación FALSA:;1. La causa más probable es de origen embolígeno. | 2. La parálisis es un signo de aparición tardía que indica que el tratamiento revascularizador debe realizarse lo antes posible. | 3. El tratamiento consiste en embolectomía arterial femoral con sonda de Fogarty. | 4. En caso de parálisis rígida con anestesia profunda y ausencia de señal Doppler está indicada una arteriografía urgente;4;--;NO;--;MEDIO
VASCULAR;MIR 2021-2022, P130;1. La Isquemia Arterial Crónica;Varón de 85 años en fibrilación auricular permanente que consulta por sufrir un dolor brusco y frialdad en el pie derecho desde hace 6 horas. En la exploración presenta cianosis plantar con déficit parcial de sensibilidad y movilidad. El pulso femoral es palpable, estando ausentes los pulsos poplíteo y distales de dicha extremidad. De las siguientes ¿cuál es la actitud terapéutica idónea?:;1. Desestimar la cirugía de revascularización, por el tiempo prolongado de isquemia. | 2. Aplicar calor y avisar al cirujano vascular de guardia. | 3. Tratamiento quirúrgico urgente mediante tromboembolectomía. | 4. Tratamiento médico urgente con prostaglandinas intravenosas;3;--;NO;--;DIFICIL
VASCULAR;MIR 2024-2025, P107;1. La Isquemia Arterial Crónica;En un paciente que tras una embolectomía por isquemia arterial aguda secundaria a un émbolo en la bifurcación aorto-ilíaca, presenta hipotensión, hipercalciuria, mioglobinuria e insuficiencia renal, ¿cuál de entre los siguientes es el diagnóstico más probable?;1. Trombosis arterial recurrente. | 2. Síndrome de reperfusión. | 3. Necrosis muscular. | 4. Neuropatía isquémica;2;--;NO;--;MEDIO
VASCULAR;MIR 2025-2026, P82;1. La Isquemia Arterial Crónica;Respecto a la embolia y la trombosis en las extremidades inferiores, indica la correcta:;1. La trombosis arterial se da frecuentemente en pacientes con arritmia cardíaca. | 2. Los pacientes con una embolia arterial refieren de forma habitual clínica de claudicación previa. | 3. La embolia se trata habitualmente mediante anticoagulación. | 4. En la angiografía de un paciente con trombosis arterial se objetiva mayor desarrollo de circulación colateral;4;--;NO;--;MEDIO
VASCULAR;MIR 2020-2021, P89;1. La Isquemia Arterial Crónica;Para tratar el dolor neuropático periférico se podría utilizar uno de los siguientes fármacos antiepilépticos:;1. Etosuximida. | 2. Vigabatrina. | 3. Gabapentina. | 4. Levetiracetam;3;--;NO;--;FACIL
VASCULAR;MIR 2006-2007, P80;1. La Isquemia Arterial Crónica;Acude al servicio de urgencias una mujer de 28 años, brasileña, con un cuadro de hemiparesia derecha de horas de evolución. Durante los últimos meses se había quejado de entumecimiento y sensación de cansancio en extremidades superiores durante su utilización. En la exploración destaca la auscultación de un soplo diastólico en foco aórtico y una disminución muy marcada de ambos pulsos radiales. En relación con la patología que podría padecer la paciente, una de las siguientes afirmaciones es FALSA:;1. Puede aparecer una diferencia mayor de 10 mm Hg al medir la tensión arterial entre ambos brazos. | 2. El estudio complementario fundamental para el diagnóstico es la arteriografía. | 3. Aunque es más frecuente en las razas orientales y en ciertos países de Sudamérica, se han descrito casos en todas las razas. | 4. El tratamiento inicial recomendado consiste en la administración de prednisona a dosis de 1 mg/kg/día. | 5. La afectación de las arterias coronarias es extremadamente frecuente;5;--;NO;--;MEDIO
VASCULAR;MIR 2007-2008, P117;1. La Isquemia Arterial Crónica;Hombre de 76 años con antecedentes de hipertensión arterial en tratamiento con enalapril que consulta por presentar de forma brusca disartria y hemiparesia derecha que desaparece en doce horas. Eco-Doppler de troncos supraaórticos: ateromatosis carotídea bilateral con estenosis del 55% en la carótida izquierda, y del 30% en la derecha. Electrocardiograma: fibrilación auricular con respuesta ventricular a 90 lpm. TAC craneal: normal. Para la prevención de nuevos episodios su tratamiento inicial sería:;1. Acenocumarol, ajustándolo a la dosis que consiga un INR de 2.5. | 2. Ácido acetilsalicílico: 300 mg al día. | 3. Clopidogrel: 75 mg al día. | 4. Angioplastia transluminal percutánea carotídea izquierda. | 5. Endarterectomía carotídea izquierda;1;--;NO;--;MEDIO
VASCULAR;MIR 2008-2009, P239;1. La Isquemia Arterial Crónica;¿Dónde se origina la arteria coroidea anterior?:;1. Arteria carótida común. | 2. Arteria carótida interna. | 3. Arteria cerebral media. | 4. Arteria cerebral anterior. | 5. Arteria comunicante posterior;2;--;NO;--;FACIL
VASCULAR;MIR 2009-2010, P51;1. La Isquemia Arterial Crónica;La indicación más aceptada de tratamiento quirúrgico o endovascular de las estenosis de la arteria de carótida interna extracraneal a nivel de la bifurcación asintomática es cuando la arteria presenta:;1. Estenosis del 50% de la luz de la arteria. | 2. Estenosis del 30% de la luz. | 3. Estenosis del 90% de la luz. | 4. Estenosis del 70% de la luz. | 5. Estenosis del 10% de la luz;4;--;NO;--;MEDIO
VASCULAR;MIR 2009-2010, P63;1. La Isquemia Arterial Crónica;Hombre de 73 años, fumador de 40 cigarrillos al día, diabético e hipertenso mal controlado, sin antecedentes de ictus. Acude a Urgencias por un cuadro de 6 horas de evolución que aúna los siguientes síntomas y signos: vértigo, visión doble, ptosis y miosis del ojo izquierdo, disartria, disfagia, ronquera, entumecimiento del lado izquierdo de la cara y de los miembros derechos. La TC craneal muestra una marcada leucoaraiosis. La analítica es anodina. La radiografía de tórax no aporta datos de interés y el ECG muestra un ritmo sinusal y signos de hipertrofia ventricular izquierda. Asumiendo que el paciente tiene un ictus, ¿cuál de las siguientes causas es la única posible?:;1. Disección de la arteria carótida interna izquierda. | 2. Trombosis de la arteria cerebelosa anteroinferior derecha. | 3. Trombosis de la arteria cerebelosa posteroinferior derecha. | 4. Trombosis de la arteria vertebral izquierda. | 5. Trombosis de la arteria cerebelosa anteroinferior izquierda;4;--;NO;--;MEDIO
VASCULAR;MIR 2014-2015, P228;1. La Isquemia Arterial Crónica;Una mujer de 58 años ingresa en la Unidad de Corta Estancia Médica por un cuadro clínico que comenzó con un episodio de síncope y a continuación presentó sensación de mareo y disnea. En la exploración física se encuentra sudorosa, afebril a 126 latidos por minuto y a 30 respiraciones por minuto, con una presión arterial de 88/46 y una saturación de oxígeno del 85% mientras respira aire ambiente. La auscultación cardíaca muestra taquicardia sin soplos ni galope y la auscultación pulmonar es limpia. ¿Cuál, de entre los siguientes, le parece diagnóstico más probable?;1. Tromboembolismo pulmonar | 2. Accidente cerebrovascular agudo de territorio posterior | 3. Síndrome coronario agudo | 4. Shock hipovolémico | 5. Edema agudo de pulmón secundario a flutter auricular;1;--;NO;--;MEDIO
VASCULAR;MIR 2016-2017, P2;1. La Isquemia Arterial Crónica;Pregunta vinculada a la imagen nº2 ¿Dónde se localiza la arteria basilar?;1. 1 | 2. 2 | 3. 3 | 4. 4;2;--;NO;imagenes/VASCULAR_ordenadas_por_temas_(hasta_2026)/1._La_Isquemia_Arterial_Cronica/MIR_2016-2017,_P2_p18_1.png;FACIL
VASCULAR;MIR 2017-2018, P32;1. La Isquemia Arterial Crónica;Pregunta vinculada a la imagen nº32 ¿Cuál de las siguientes estructuras corresponde 7 a la arteria vertebral?;1. 1. | 2. 2. | 3. 3. | 4. 4;3;--;NO;imagenes/VASCULAR_ordenadas_por_temas_(hasta_2026)/1._La_Isquemia_Arterial_Cronica/MIR_2017-2018,_P32_p18_1.png;FACIL
VASCULAR;MIR 2017-2018, P37;1. La Isquemia Arterial Crónica;¿Cuál de las siguientes arterias NO es rama de la arteria carótida externa?;1. Arteria lingual. | 2. Arteria facial. | 3. Arteria oftálmica. | 4. Arteria temporal superficial;3;--;NO;--;FACIL
VASCULAR;MIR 2021-2022, P205;1. La Isquemia Arterial Crónica;Varón de 61 años, fumador e hipertenso, que acude a urgencias por pérdida súbita de fuerza y sensación de hormigueo en la mano derecha de unos 15 minutos de duración, con recuperación posterior casi completa. ECG: ritmo sinusal a 93 lpm. En relación con el diagnóstico más probable, señale la respuesta FALSA:;1. Una causa probable es una embolia arterioarterial por desprendimiento de una placa carotídea. | 2. El ecografía-doppler de troncos supraaórticos es poco útil para el diagnóstico. | 3. Es necesario realizar una TC craneal para evaluar la repercusión sobre el parénquima cerebral. | 4. El tratamiento quirúrgico está indicado si las pruebas de imagen revelan una estenosis carotídea >70%;2;--;NO;--;MEDIO
VASCULAR;MIR 2007-2008, P84;1. La Isquemia Arterial Crónica;Una mujer de 84 años acude a nuestra consulta por dolor crónico, a veces intenso, en la zona media de la columna vertebral torácica, que aumenta al sentarse y levantarse. A la exploración se detecta una marcada cifosis y contractura de la musculatura paravertebral. También se palpa una masa pulsátil en el epigastrio. ¿Cuál es la causa más probable del dolor?:;1. Aneurisma abdominal con erosión vertebral acompañante. | 2. Estenosis de canal lumbar. | 3. Hernia de disco aguda. | 4. Osteoporosis con aplastamiento vertebral. | 5. Enfermedad de Paget;4;--;NO;--;MEDIO
VASCULAR;MIR 2007-2008, P35;1. La Isquemia Arterial Crónica;La opción terapéutica más recomendada en el momento actual para el aneurisma de aorta abdominal de gran tamaño en pacientes de alto riesgo quirúrgico es:;1. Resección del aneurisma e injerto quirúrgico convencional. | 2. Inducción de la trombosis del saco y bypass axilo-bifemoral. | 3. Tratamiento endovascular con implantación de endoprótesis. | 4. Vigilancia del crecimiento aneurismático. | 5. Cirugía por vía laparoscópica;3;--;NO;--;FACIL
VASCULAR;MIR 2008-2009, P237;1. La Isquemia Arterial Crónica;Indique cuál de las siguientes ramas arteriales no procede de la arteria aorta abdominal:;1. Tronco arterial celíaco. | 2. Arteria sacra media. | 3. Arteria diafragmática superior. | 4. Arteria renal derecha. | 5. Arteria gonadal derecha;3;--;NO;--;FACIL
VASCULAR;MIR 2008-2009, P238;1. La Isquemia Arterial Crónica;La arteria hemorroidal superior que irriga al recto es una rama de la arteria:;1. Ilíaca externa. | 2. Mesentérica inferior. | 3. Ilíaca interna. | 4. Mesentérica superior. | 5. Gastroepiploica inferior;2;--;NO;--;FACIL
VASCULAR;MIR 2019-2020, P12;1. La Isquemia Arterial Crónica;Pregunta vinculada a la imagen nº12 Paciente de 72 años remitido a urgencias tras padecer un síncope. Presenta hipotensión y dolor abdominal con irradiación lumbar. Se realiza TC abdominal con contraste intravenoso. ¿Cuál sería su diagnóstico y la actitud a seguir?:;1. Absceso de psoas izquierdo. Realizaría tratamiento sintomático y lo mantendría en observación a la espera de analíticas y otras pruebas complementarias. | 2. Aneurisma de aorta abdominal roto. Es una emergencia y la primera opción es tratamiento quirúrgico o endovascular. | 3. Completaría el estudio con una ecografía abdominal para realizar el diagnóstico diferencial entre absceso de psoas y aneurisma de aorta abdominal roto. | 4. Tumoración hipervascular del psoas. Realizaría resonancia magnética para una mejor caracterización;2;--;NO;--;MEDIO
VASCULAR;MIR 2019-2020, P13;1. La Isquemia Arterial Crónica;Pregunta vinculada a la imagen nº13 Mujer de 72 años con antecedentes de fibrilación auricular en tratamiento con anticoagulantes orales. Presenta dolor abdominal focalizado en hipogastrio y fosa ilíaca izquierda. INR 5. Hemoglobina 8,7 g/dl, hematocrito 25 %. ¿Cuál es el diagnóstico que le sugiere la imagen?:;1. Hernia complicada de pared abdominal. | 2. Seroma post-quirúrgico. | 3. Absceso en la vaina del recto anterior izquierdo del abdomen. | 4. Hematoma en la vaina del recto anterior izquierdo del abdomen;4;--;NO;imagenes/VASCULAR_ordenadas_por_temas_(hasta_2026)/1._La_Isquemia_Arterial_Cronica/MIR_2019-2020,_P13_p22_1.png;MEDIO
VASCULAR;MIR 2021-2022, P204;1. La Isquemia Arterial Crónica;En relación con los aneurismas de aorta abdominal, señale la respuesta FALSA:;1. Está indicada su reparación quirúrgica cuando el diámetro aneurismático supera los 5-5,5 cm de diámetro. | 2. Suelen ser asintomáticos y de diagnóstico casual en el transcurso de pruebas de imagen hechas por otros motivos. | 3. La complicación más frecuente es la trombosis aneurismática. | 4. En caso de rotura está indicado el tratamiento quirúrgico urgente mediante cirugía abierta o endovascular;3;--;NO;--;FACIL
VASCULAR;MIR 2025-2026, P3;1. La Isquemia Arterial Crónica;Ingresa una paciente de 83 años para tratamiento de aneurisma de aorta abdominal de 50mm, por crecimiento rápido en los últimos 6 meses. Entre sus antecedentes destaca: hipertensión arterial, dislipemia, portadora de marcapasos por bloqueo auriculo-ventricular completo como antecedentes. Veinticuatro horas tras la cirugía la paciente presenta distensión, dolor abdominal y rectorragias, acompañado de leucocitosis 32.100ul, con el 95% de neutrófilos y 278 de LDH como únicas alteraciones analíticas, por lo que se realiza un angio-tomografía computerizada, con las siguiente imagen (IMAGEN 3). ¿Cuál es el diagnóstico más probable?;1. Isquemia mesentérica aguda | 2. Isquemia mesentérica crónica | 3. Isquemia mesentéricas no oclusiva | 4. Colitis isquémica;4;--;NO;--;MEDIO
VASCULAR;MIR 2006-2007, P35;1. La Isquemia Arterial Crónica;Una de las siguientes afirmaciones sobre el aneurisma de la aorta torácica NO es correcta:;1. Los aneurismas no disecantes asintomáticos tienen una probabilidad de rotura a los 5 años menor del 5 por ciento. | 2. Las mujeres presentan aneurismas en edad superior a los hombres. | 3. La mayor edad se asocia a un mayor riesgo de rotura. | 4. Pueden producir disfonía. | 5. El tamaño mayor se asocia a mayor posibilidad de rotura;1;--;NO;--;FACIL
VASCULAR;MIR 2012-2013, P88;1. La Isquemia Arterial Crónica;Ante un paciente de 50 años con sospecha clínica de disección aguda de aorta tipo A (clasificación de Stanford) en situación inestable (dolor precordial agudo, hipotensión arterial ligera y ansiedad intensa), indique el estudio diagnóstico pertinente para confirmar el diagnóstico e identificar los detalles anatómicos previo a la cirugía.;1. Tomografía computarizada. | 2. Ecocardiografía transesofágica. | 3. Ecocardiografía transtorácica. | 4. Resonancia magnética. | 5. Aortografía;1;--;NO;--;MEDIO
VASCULAR;MIR 2014-2015, P227;1. La Isquemia Arterial Crónica;El síndrome aórtico agudo incluye entidades como la disección aórtica, el hematoma intramural aórtico y la úlcera aterosclerótica penetrante. Respecto a las consideraciones diagnósticas y terapéuticas de esta entidad, señale la afirmación CORRECTA:;1. Actualmente, en nuestro medio, el diagnóstico de esta patología se establece rutinariamente mediante arteriografía percutánea. | 2. La tomografía computarizada no es una buena técnica de imagen para su diagnóstico. | 3. Las técnicas ecocardiográficas no suelen aportar datos de interés en el diagnóstico y estudio de estas entidades nosológicas. | 4. Se considera disección o hematoma intramural aórtico tipo A de Stanford cuando está afectada la aorta ascendente sea cual fuese el lugar de origen de la lesión o su extensión. | 5. La indicación quirúrgica de una disección aórtica es independiente de la afectación de la aorta ascendente;4;--;NO;--;FACIL
VASCULAR;MIR 2017-2018, P69;1. La Isquemia Arterial Crónica;Señale la respuesta FALSA en relación al tratamiento quirúrgico de los aneurismas de aorta torácica:;1. La sustitución de la aorta aneurismática por un injerto está indicada cuando el diámetro de la aorta ascendente es mayor de 4,5 cm. | 2. En pacientes con diagnóstico de enfermedad de Marfan o válvula aórtica bicúspide, se considerará el tratamiento quirúrgico cuando la aorta tenga entre 4 y 5 cm de diámetro. | 3. Se considera necesario intervenir sobre la aorta torácica descendente aneurismática si su diámetro es superior a 6 cm. | 4. Se recomienda sustituir la aorta aneurismática cuando, en un periodo de 1 año, se observa un incremento del diámetro del aneurisma de más de 1 cm;1;--;NO;--;FACIL
VASCULAR;MIR 2018-2019, P10;1. La Isquemia Arterial Crónica;Pregunta vinculada a la imagen nº10 La imagen de TC sin administración de contraste es característica de:;1. Trombosis mural aórtica. | 2. Hematoma intramural aórtico. | 3. Disección aórtica tipo B. | 4. Úlcera penetrante aórtica.;2;--;NO;imagenes/VASCULAR_ordenadas_por_temas_(hasta_2026)/1._La_Isquemia_Arterial_Cronica/MIR_2018-2019,_P10_p26_1.png;FACIL
VASCULAR;MIR 2020-2021, P13;1. La Isquemia Arterial Crónica;Pregunta asociada a la imagen 13. Mujer de 50 años, hipertensa, que acude a urgencias porque, estando previamente bien, presentó un dolor súbito muy intenso en región torácica interescapular y en epigastrio, irradiado en cinturón. No refiere otra patología asociada. Ante el corte sagital con contraste de TC que se adjunta, ¿cuál de los siguientes diagnósticos sospecha?:;1. Disección de aorta. | 2. Rotura de aorta. | 3. Hematoma intramural de aorta. | 4. Úlcera aórtica arteriosclerosa penetrante;1;--;NO;imagenes/VASCULAR_ordenadas_por_temas_(hasta_2026)/1._La_Isquemia_Arterial_Cronica/MIR_2020-2021,_P13_p27_1.png;MEDIO
VASCULAR;MIR 2020-2021, P133;1. La Isquemia Arterial Crónica;En relación con los aneurismas de arteria poplítea:;1. Cuando se sospechan por palpación de un pulso poplíteo amplio la ecografía es la prueba diagnóstica de elección. | 2. El riesgo de rotura aneurismática es alto. | 3. El edema por compresión de la vena poplítea es la manifestación más frecuente. | 4. Son más frecuentes en mujeres que en varones en una proporción 2:1;1;--;NO;--;FACIL
VASCULAR;MIR 2021-2022, P2;1. La Isquemia Arterial Crónica;Pregunta asociada a la imagen 2. Varón de 20 años, de constitución longilínea, que presenta desde hace unos 15 meses disnea de grandes esfuerzos que progresa a pequeños esfuerzos, con palpitaciones y dolor precordial. Fallece de forma súbita subiendo escaleras. En la necropsia se encuentra un vaso con la imagen de la figura. De las siguientes ¿cuál es la enfermedad más probable?:;1. Embolia pulmonar. | 2. Traumatismo torácico con afectación de la aorta y el corazón. | 3. Necrosis quística de la media y síndrome de Marfan. | 4. Síndrome dislipémico familiar con grave aterosclerosis;3;--;NO;imagenes/VASCULAR_ordenadas_por_temas_(hasta_2026)/1._La_Isquemia_Arterial_Cronica/MIR_2021-2022,_P2_p28_1.png;MEDIO
VASCULAR;MIR 2021-2022, P129;1. La Isquemia Arterial Crónica;Varón de 65 años que acude a urgencias por aparición de lesiones moteadas cianóticas en los dedos de ambos pies. Antecedentes personales: tabaquismo, hipertensión arterial y dislipemia. Rx tórax: ensanchamiento mediastínico. AngioTC tóraco-abdómino-pélvica: aneurisma de aorta torácica descendente de 7 cm de diámetro, distal a arteria subclavia izquierda y con trombo mural. De las siguientes, señale la opción correcta:;1. Está indicado el tratamiento con estatinas para estabilizar el trombo. | 2. Es necesaria la realización de una aortografía diagnóstica urgente. | 3. En la cirugía se sustituye el segmento aneurismático por una prótesis tubular con reimplante de los troncos supraaórticos. | 4. Está indicado el implante de una endoprótesis torácica;4;--;NO;--;MEDIO
VASCULAR;MIR 2023-2024, P11;1. La Isquemia Arterial Crónica;Pregunta asociada a la imagen 11. Hombre de 52 años que consulta por dolor centrotorácico desgarrador de 30 minutos de duración. A la exploración está inquieto y sudoroso. La tensión arterial es de 190/110 mmHg en ambos brazos. A la auscultación no hay soplos cardiacos ni estertores crepitantes. El electrocardiograma está en ritmo sinusal a 90 latidos por minuto sin alteraciones de la repolarización. En la angioTC torácica se observa la imagen que se adjunta. ¿Cuál es el diagnóstico más probable?:;1. Hematoma intramural. | 2. Úlcera penetrante arteriosclerótica. | 3. Pseudoaneurisma de aorta. | 4. Disección de aorta tipo A de Stanford;4;--;NO;imagenes/VASCULAR_ordenadas_por_temas_(hasta_2026)/1._La_Isquemia_Arterial_Cronica/MIR_2023-2024,_P11_p29_1.png;MEDIO
VASCULAR;MIR 2013-2014, P23;1. La Isquemia Arterial Crónica;Pregunta vinculada a la imagen nº12 Una mujer de 88 años de edad con antecedentes de demencia tipo Alzheimer, insuficiencia mitral y fibrilación auricular persistente, ingresa en un hospital por un deterioro de su estado general que se atribuye a una infección urinaria. Las vías venosas periféricas no son accesibles y se opta por canalizar una vena central a través de una vena periférica (vena cefálica) guiado por ecografía. Una vez realizada la técnica, se comprueba que por el catéter refluye la sangre de forma normal. La paciente no ha presentado complicaciones durante la maniobra y posteriormente se realiza una radiografía de control del catéter. ¿Dónde le parece que se ha ubicado el extremo distal del catéter?;1. Vena subclavia derecha. | 2. Vena yugular derecha. | 3. Vena cava superior. | 4. Vena basílica derecha. | 5. Tronco braquiocefálico;4;--;NO;imagenes/VASCULAR_ordenadas_por_temas_(hasta_2026)/1._La_Isquemia_Arterial_Cronica/MIR_2013-2014,_P23_p30_1.png;DIFICIL
VASCULAR;MIR 2013-2014, P24;1. La Isquemia Arterial Crónica;Pregunta vinculada a la imagen nº12 ¿Cuál es la actitud más razonable en este momento?:;1. Retirar todo el catéter y volverlo a introducir. | 2. Extraer unos 10 cm el catéter e instaurar el tratamiento oportuno. | 3. Canalizar otra vía venosa central por la yugular. | 4. Dejarlo como está porque se puede utilizar para monitorizar presión venosa central. | 5. No podemos utilizar el catéter porque ha perforado la vena y se localiza en pulmón;2;--;NO;imagenes/VASCULAR_ordenadas_por_temas_(hasta_2026)/1._La_Isquemia_Arterial_Cronica/MIR_2013-2014,_P24_p30_1.png;FACIL
VASCULAR;MIR 2006-2007, P17;1. La Isquemia Arterial Crónica;De las siguientes afirmaciones sobre la isquemia mesentérica aguda, señale la INCORRECTA:;1. La causa más frecuente es un émbolo cardiógeno. | 2. La embolia suele ser distal al origen de la arteria mesentérica superior. | 3. La trombosis venosa es de difícil diagnóstico precoz. | 4. La isquemia no oclusiva tiene el mejor pronóstico. | 5. La cirugía precoz ofrece la mejor oportunidad de tratamiento eficaz;4;--;NO;--;FACIL
VASCULAR;MIR 2006-2007, P236;1. La Isquemia Arterial Crónica;A pesar de que pueden haber variaciones anatómicas, lo habitual es que el ciego sea irrigado por una rama arterial que proviene de una de las siguientes arterias:;1. Ilíaca derecha. | 2. Mesentérica inferior. | 3. Hepática derecha. | 4. Mesentérica superior. | 5. Hemorroidal superior;4;--;NO;--;FACIL
VASCULAR;MIR 2012-2013, P201;1. La Isquemia Arterial Crónica;La vena porta está formada por la confluencia de varias venas. De las respuestas que se ofrecen ¿Cuál es la verdadera?;1. Vena mesentérica superior, vena gástrica izquierda y vena gastro-omental izquierda. | 2. Vena mesentérica inferior, vena gástrica izquierda y vena renal. | 3. Vena esplénica, vena mesentérica superior y vena mesentérica inferior. | 4. Vena esplénica, venas pancreato-duodenales y vena omental izquierda. | 5. Venas pancreato-duodenales, vena mesentérica superior y vena mesentérica inferior;3;--;NO;--;FACIL
VASCULAR;MIR 2014-2015, P203;1. La Isquemia Arterial Crónica;Revisando la angio-TC de un hombre de 70 años en estudio por aneurisma de aorta abdominal el radiólogo informa de la presencia de una oclusión completa de la arteria mesentérica inferior. El paciente se encuentra completamente asintomático. La oclusión de la arteria mesentérica inferior cursa de manera asintomática en muchas ocasiones ya que el territorio que irriga puede recibir flujo proveniente de:;1. La arteria cólica media. | 2. La arteria gastroduodenal. | 3. La arteria epigástrica inferior izquierda. | 4. La arteria esplénica. | 5. La arteria gastroepiploica;1;--;NO;--;MEDIO
VASCULAR;MIR 2015-2016, P4;1. La Isquemia Arterial Crónica;Pregunta vinculada a la imagen nº4 Mujer de 65 años. Consulta por síndrome constitucional asociado a dolor abdominal epigástrico progresivo irradiado a espalda, de dos meses de evolución. El diagnóstico de sospecha de adenocarcinoma de páncreas se confirma por biopsia guiada por ecoendoscopia. Se realiza TC de abdomen tras administración de contraste intravenoso para valoración de estructuras vasculares próximas al tumor pancreático, a fin de establecer su posible afectación. (ver imagen). ¿Qué estructura vascular está ausente, trombosada por infiltración tumoral, condicionando circulación colateral en la pared gástrica?;1. Vena mesentérica superior. | 2. Vena coronaria estomáquica. | 3. Vena esplénica. | 4. Vena porta;3;--;NO;imagenes/VASCULAR_ordenadas_por_temas_(hasta_2026)/1._La_Isquemia_Arterial_Cronica/MIR_2015-2016,_P4_p33_1.png;MEDIO
VASCULAR;MIR 2016-2017, P3;1. La Isquemia Arterial Crónica;Pregunta vinculada a la imagen nº3 ¿Cuál de las siguientes corresponde a la arteria mesentérica superior?;1. 1. | 2. 2. | 3. 3. | 4. 4;2;--;NO;--;FACIL
VASCULAR;MIR 2017-2018, P36;1. La Isquemia Arterial Crónica;En relación con la anatomía de la vena porta una de las siguientes afirmaciones es FALSA:;1. Anatómicamente se forma por detrás del cuello del páncreas. | 2. Al igual que muchas otras venas del organismo, sus paredes tienen válvulas. | 3. En el hilio hepático suele estar detrás de la arteria hepática. | 4. Su bifurcación presenta menos variantes anatómicas que los conductos biliares;2;--;NO;--;MEDIO
VASCULAR;MIR 2017-2018, P76;1. La Isquemia Arterial Crónica;Mujer de 78 años con demencia e institucionalizada es traída por sus cuidadores por dolor abdominal importante con deterioro del estado general y distensión abdominal. Analítica con leucocitosis, hematocrito elevado, insuficiencia renal y acidosis metabólica. El ECG muestra fibrilación auricular. La tomografía abdominal detecta asas de intestino delgado edematizadas, con neumatosis intestinal y portal. El diagnóstico más probable es:;1. Perforación de ulcus gástrico o duodenal. | 2. Íleo biliar. | 3. Neoplasia obstructiva de sigma con perforación. | 4. Isquemia mesentérica;4;--;NO;--;MEDIO
VASCULAR;MIR 2019-2020, P16;1. La Isquemia Arterial Crónica;Pregunta vinculada a la imagen nº16 Mujer de 94 años que acude a urgencias por dolor abdominal difuso e intenso de 12 horas de evolución y defensa abdominal. Entre sus antecedentes destaca cardiopatía isquémica crónica, fibrilación auricular persistente y enfermedad renal crónica. A raíz de los hallazgos de la radiografía de abdomen indique la actitud a seguir:;1. Ecografía urgente como test de cribado inicial, si es normal no son necesarios más estudios radiológicos. | 2. Radiografía de abdomen en bipedestación o decúbito lateral izquierdo para valorar presencia de gas ectópico. | 3. TC abdominopélvico con contraste intravenoso con protocolo de angio-TC por sospecha de isquemia mesentérica. | 4. Arteriografía para descartar oclusión aguda de arteria mesentérica;3;--;NO;imagenes/VASCULAR_ordenadas_por_temas_(hasta_2026)/1._La_Isquemia_Arterial_Cronica/MIR_2019-2020,_P16_p36_1.png;MEDIO
VASCULAR;MIR 2020-2021, P134;1. La Isquemia Arterial Crónica;Varón de 63 años, con antecedentes de hipertensión arterial, síndrome de Sjögren y revascularización ilio-femoral izquierda (tromboendarterectomía). Presenta pérdida de peso de 10 kg y dolor abdominal grave tras la ingesta. La angioTC abdominopélvica muestra estenosis grave de tronco celíaco y de arteria mesentérica superior. Señale la respuesta FALSA:;1. La exploración física revela frecuentemente signos de malnutrición y un soplo abdominal. | 2. El tratamiento consiste en tromboembolectomía con sonda de Fogarty. | 3. La ecografía Doppler (duplex) es una exploración no invasiva útil para el diagnóstico. | 4. La angioplastia con stent de los troncos viscerales es una opción terapéutica con una tasa de éxito del 80 %;2;--;NO;--;MEDIO
VASCULAR;MIR 2020-2021, P159;1. La Isquemia Arterial Crónica;El tratamiento quirúrgico de elección de la compresión vascular del duodeno, conocida también como síndrome de la arteria mesentérica superior o síndrome de Wilkie, es:;1. La división del ligamento de Treitz. | 2. La duodenoyeyunostomía. | 3. El cambio de la posición del duodeno. | 4. El bypass de la arteria mesentérica superior;2;--;NO;--;FACIL
VASCULAR;MIR 2007-2008, P85;1. La Isquemia Arterial Crónica;Paciente de 40 años que acude al Servicio de Urgencias tras sufrir un traumatismo directo sobre el brazo izquierdo al caerse de la motocicleta. La exploración clínica es la siguiente: dolor, movilidad anormal e impotencia funcional en la zona media del brazo, pulsos distales humeral y radial presentes, imposibilidad para realizar la extensión activa de la muñeca y de dos, e hipoestesia en la zona dorsal del primer dedo y del primer espacio interdigital. Las radiografías muestran una fractura conminuta del tercio medio del húmero. ¿Cuál es la lesión asociada más probable que presenta?:;1. Lesión arteria humeral y nervio mediano. | 2. Lesión nervio cubital. | 3. Lesión nervio radial. | 4. Lesión nervio mediano. | 5. Lesión nervios radial y mediano;3;--;NO;--;MEDIO
VASCULAR;MIR 2007-2008, P240;1. La Isquemia Arterial Crónica;Paciente de 18 años que acude a urgencias por presentar sangrado pulsátil a nivel de muñeca derecha después de corte accidental con un cristal. A su llegada a urgencias se coloca manguito de presión en brazo derecho a una presión de 120 mmHg con disminución y desaparición del sangrado. Indique cuál de las siguientes afirmaciones es correcta:;1. El sangrado es probable que sea debido a la sección de la arteria cubital localizada en el margen lateral de la muñeca. | 2. El sangrado es secundario a la sección accidental de la arteria humeral. | 3. Posiblemente la sección de la arteria radial es la causante del sangrado pulsátil. | 4. La vena cefálica, medial al tendón del músculo palmar mayor debe ser la causante del san grado. 5. La vena basílica es la estructura vascular más frecuentemente seccionada ante un paciente con esta sintomatología;3;--;NO;--;MEDIO
VASCULAR;MIR 2013-2014, P134;1. La Isquemia Arterial Crónica;Ante un paciente de 23 años que acude a urgencias un viernes de madrugada tras una pelea callejera, con signos claros de enolismo y lesión por arma blanca (apuñalado) a nivel de III espacio intercostal derecho a 3 mm del margen esternal sangrando activamente y hemodinámicamente inestable asociado a hipofonesis marcada de todo hemitórax derecho. ¿Qué estructura de las siguientes debe pensar que puede estar lesionada?;1. Arteria carótida primitiva derecha. | 2. Arteria torácica interna derecha. | 3. Arteria subescapular derecha. | 4. Arteria tiroidea superior derecha. | 5. Arteria tímica superior derecha;2;--;NO;--;MEDIO
VASCULAR;MIR 2007-2008, P37;1. La Isquemia Arterial Crónica;Señale la sobre la cirugía de la trombosis venosa:;1. Cuando afecta al cayado de la safena interna puede ligarse éste por debajo del trombo y evitarse así la anticoagulación. | 2. La anticoagulación es obligatoria cuando se practica la extirpación del sistema superficial. | 3. El tratamiento quirúrgico de las varices de miembros inferiores requiere el ingreso hospitalario de los pacientes. | 4. El edema y las úlceras son complicaciones poco frecuentes de las varices. | 5. No es bueno administrar antiinflamatorios tópicos en las varices superficiales;IMPUGNADA;--;NO;--;FACIL
VASCULAR;MIR 2012-2013, P87;1. La Isquemia Arterial Crónica;Mujer de 70 años, hipertensa y diabética que ha trabajado de dependienta toda su vida. Consulta por una lesión maleolar interna en la pierna derecha con intenso dolor durante todo el día que empeora durante la noche. A la exploración destacan cordones varicosos no complicados en ambas extremidades y pulsos femorales y poplíteos normales con ausencia de distales. ¿Qué exploración deberíamos realizar en primer lugar?;1. Eco-doppler venoso de miembros inferiores. | 2. Angiorresonancia de miembros inferiores. | 3. Arteriografía. | 4. Indice tobillo-brazo. | 5. AngioTC;4;--;NO;--;MEDIO
VASCULAR;MIR 2024-2025, P106;1. La Isquemia Arterial Crónica;Mujer de 46 años que tras 10 años de mastectomía derecha con vaciamiento ganglionar seguida de quimioterapia y radioterapia presenta linfedema de brazo derecho de larga evolución con importante edema y empastamiento, sin signos de celulitis. ¿Cuál de las siguientes medidas terapéuticas NO está recomendada?;1. Realización de actividad física con elevación del miembro superior derecho. | 2. Terapia física con fisioterapia descongestiva. | 3. Diuréticos para reducir edema. | 4. Liposucción;3;--;NO;--;MEDIO
VASCULAR;MIR 2006-2007, P36;1. La Isquemia Arterial Crónica;Un hombre de 52 años de edad es valorado porque tiene una pierna caliente, hinchada e historia de traumatismo en dicha pierna, hace dos semanas, mientras se encontraba de viaje. Ya tuvo dolor en la pierna durante el viaje en avión de regreso a su domicilio. Padece de hipertensión arterial que trata con metropolol. No toma otros medicamentos. No fuma. No tiene antecedentes familiares de enfermedad tromboembólica. El Doppler de la pierna muestra un trombo de la vena poplítea. ¿Cuál de las siguientes pautas de duración del tratamiento anticoagulante es la más adecuada para este paciente?:;1. 1 mes. | 2. 2 meses. | 3. 6 meses. | 4. 2 años. | 5. Toda la vida;3;--;NO;--;MEDIO
VASCULAR;MIR 2007-2008, P48;1. La Isquemia Arterial Crónica;Mujer de 70 años que acude a urgencias por cuadro sincopal. Intervenida de neoplasia de colón hace 2 semanas. En la exploración: presión venosa a 4 cm sobre horizontal, 102 latidos por minuto, 35 respiraciones por minuto. Ta: 37,8º C, dolorimiento abdominal difuso, resto de exploración sin datos patológicos, pulsioximetria: saturación de oxígeno basal: 86%. ECG: ritmo sinusal a 100 lpm, inversión de ondas T de V1 a V4. Radiografía de tórax: elevación de hemidiafragma izquierdo con pinza miento seno costofrénico. ¿Cuál es el diagnóstico más probable?:;1. Infección respiratoria. | 2. Infarto de miocardio con Síndrome de Dressler. | 3. Taponamiento cardíaco. | 4. Tromboembolismo pulmonar masivo. | 5. Dehiscencia de sutura con distress respiratorio;4;--;NO;--;MEDIO
VASCULAR;MIR 2007-2008, P116;1. La Isquemia Arterial Crónica;¿Cuál de las siguientes afirmaciones sobre el tratamiento de la trombosis venosa profunda (TVP) es FALSA?:;1. En pacientes con TVP confirmada objetiva mente, recomendamos tratamiento agudo con heparina de bajo peso subcutánea o heparina no fraccionada. | 2. Para pacientes con elevada sospecha clínica de trombosis, se recomienda tratamiento anticoagulante mientras se espera el resultado de las pruebas diagnósticas. | 3. El tratamiento con heparina se dice debe controlarse realizando TPT (tiempo parcial de tromboplastina). | 4. Se recomienda iniciar la administración de anticoagulantes orales junto con heparina en el primer día del tratamiento, e interrumpir la administración de heparina cuando el INR sea estable y superior a 2. | 5. En los pacientes tratados con heparina de bajo peso es necesario hacer mediciones sistemática cas de la actividad antiXa con el fin de ajustar la dosis;5;--;NO;--;FACIL
VASCULAR;MIR 2007-2008, P236;1. La Isquemia Arterial Crónica;Las siguientes estructuras desembocan en la aurícula derecha, EXCEPTO:;1. Vena cava superior. | 2. Vena cava inferior. | 3. Seno coronario. | 4. Vena pulmonar derecha. | 5. Venas cardiacas anteriores;4;--;NO;--;FACIL
VASCULAR;MIR 2008-2009, P37;1. La Isquemia Arterial Crónica;En relación con la trombosis venosa de miembros inferiores, ¿cuál de las siguientes afirmaciones es FALSA?:;1. En los pacientes sintomáticos, el edema y dolor son frecuentes. | 2. El signo de Homanns es inespecífico. | 3. La elevación en sangre del dímero-D es específico. | 4. Puede confundirse con la rotura de un quiste poplíteo. | 5. La dilatación de las venas superficiales puede ser otro signo de trombosis venosa;3;--;NO;--;FACIL
VASCULAR;MIR 2008-2009, P117;1. La Isquemia Arterial Crónica;En la enfermedad tromboembólica venosa en el paciente con trombofilia. Es FALSO que:;1. Suele manifestarse a edades más precoces. | 2. Suele ser causa de enfermedad tromboembólica recidivante. | 3. Debe sospecharse en caso de antecedentes familiares positivos. | 4. Es indicación de heparina no fraccionada. | 5. Puede requerir tratamientos más prolongados;4;--;NO;--;MEDIO
VASCULAR;MIR 2008-2009, P236;1. La Isquemia Arterial Crónica;¿Cuál de las siguientes venas no pertenece al territorio venoso profundo?:;1. Safena interna. | 2. Femoral superficial. | 3. Femoral común. | 4. Ilíaca. | 5. Peronea;1;--;NO;--;FACIL
VASCULAR;MIR 2009-2010, P57;1. La Isquemia Arterial Crónica;El síndrome de vena cava superior:;1. No es una urgencia oncológica. | 2. Los datos clínicos no suelen ser expresivos. | 3. La radiografía simple de tórax no permite sospecharlo en la mayoría de las ocasiones. | 4. El 85% de los casos se deben a la existencia de un cáncer de pulmón. | 5. No responde al tratamiento con radioterapia;4;--;NO;--;MEDIO
VASCULAR;MIR 2009-2010, P58;1. La Isquemia Arterial Crónica;Un hombre de 78 años de edad es remitido al hospital por presentar unas horas antes en su domicilio disnea de comienzo brusco. Había sido intervenido quirúrgicamente para implantación de prótesis total de cadera tres semanas antes. El paciente estuvo tratado con heparina de bajo peso molecular a dosis profilácticas hasta el alta hospitalaria. No presentaba fiebre, expectoración ni ningún otro síntoma acompañante. En la exploración física existía TA 150/90, taquicardia a 110 lat por mn y taquipnea siendo el resto normal. Como único antecedente patológico cinco años antes tuvo un episodio de trombosis venosa profunda de miembro inferior derecho. ¿Cuál es la actitud inicial correcta?:;1. Se debe realizar un estudio complejo para llegar a un diagnóstico inicial, pudiendo descartarse de entrada la existencia de embolia de pulmón dado que se realizó tratamiento profiláctico con heparina tras la cirugía. | 2. Aunque la probabilidad clínica de embolia de pulmón es baja debe realizarse una TAC de arterias pulmonares para descartarla, antes de iniciarse ningún tratamiento. | 3. Debe realizarse la determinación dímero D y si es positiva iniciarse tratamiento con heparina. | 4. La probabilidad clínica de embolia de pulmón es alta debiendo iniciarse tratamiento con heparina y después realizar con una TAC de arterias pulmonares para confirmar el diagnóstico. | 5. El paciente probablemente padece una embolia de pulmón y debe iniciar tratamiento fibrinolítico;4;--;NO;--;MEDIO
VASCULAR;MIR 2009-2010, P112;1. La Isquemia Arterial Crónica;¿Cuál de las siguientes afirmaciones relativas a los fármacos anticoagulantes es cierta?:;1. Los cumarínicos tienen pocas interacciones farmacológicas. | 2. El tratamiento de la trombocitopenia inducida por heparina consiste en la disminución de la dosis de heparina. | 3. Los cumarínicos son seguros durante todo el embarazo. | 4. El test más utilizado para el control de la heparina no fraccionada es el TTPA (tiempo de tromboplastina parcial activada). | 5. El fondaparinux es un nuevo anticoagulante de administración oral;4;--;NO;--;FACIL
VASCULAR;MIR 2010-2011, P86;1. La Isquemia Arterial Crónica;Mujer de 25 años gestante de 9 semanas. Acude a Urgencias por presentar tumefacción de la pantorrilla izquierda de dos días de evolución. Eco-doppler venoso de miembros inferiores: ocupación de la vena poplítea femoral superficial y femoral profunda del miembro inferior izquierdo por material ecogénico con mala compresibilidad de dichos vasos. ¿Cuál sería el tratamiento más adecuado?;1. Heparina de bajo peso molecular solapada con dicumarínicos al menos los 5 primeros días, hasta obtener INR entre 2 y 3. Después, dicumarínicos solos. | 2. Sólo heparina de bajo peso molecular mientras dure el embarazo, pasando a dicumarínicos tras el parto si es preciso prolongar el tratamiento. | 3. Sólo dicumarínicos desde el principio. | 4. Fibrinolisis con activador tisular del plasminógeno (tPA). | 5. Los anticoagulantes están contraindicados en el embarazo. Sólo medias de compresión fuerte;2;--;NO;--;MEDIO
VASCULAR;MIR 2010-2011, P217;1. La Isquemia Arterial Crónica;En condiciones de salud las células endoteliales vasculares dificultan la formación de trombos a través de la producción de las siguientes sustancias excepto:;1. Angiotensina II. | 2. Prostaciclina. | 3. Glucosaminoclucano de heparín-sulfato. | 4. Trombomodulina. | 5. Óxido nítrico;1;--;NO;--;FACIL
VASCULAR;MIR 2011-2012, P100;1. La Isquemia Arterial Crónica;De todas las siguientes, ¿cúal es la complicación que puede observarse en los enfermos que reciben heparina?;1. Insuficiencia renal aguda. | 2. Anemia hemolítica autoinmune. | 3. Trombosis venas suprahepáticas. | 4. Síndrome leucoeritroblástico. | 5. Plaquetopenia;5;--;NO;--;FACIL
VASCULAR;MIR 2011-2012, P101;1. La Isquemia Arterial Crónica;Mujer de 25 años de edad que acude a consulta porque desea quedar embarazada y quiere saber qué tratamiento debe realizar durante el eventual embarazo, ya que es portadora del Factor V Leiden en heterocigosis. Nunca ha tenido ningún fenómeno trombótico. Se realizó la determinación del mencionado factor como estudio familiar tras un episodio de embolia del pulmón en un hermano. ¿Qué tratamiento se debe aconsejar?;1. Dado que la gestación es un estado protrombótico, existiría alto riesgo de tromboembolia venosa por lo que se debe desaconsejar el embarazo. | 2. Se debe realizar tratamiento con heparina de bajo peso molecular a dosis profilácticas en el puerperio inmediato siendo opcional realizar igual tratamiento durante el embarazo. | 3. El Factor V Leiden en heterocigosis es una trombofilia de bajo riesgo y no hay necesidad de ningún tratamiento en el embarazo y puerperio. | 4. Se debe aconsejar aspirina a bajas dosis durante todo el embarazo y puerperio. | 5. Debe realizar tratamiento con fármacos antivitamina K (Acenocumarol) durante el embarazo;2;--;NO;--;MEDIO
VASCULAR;MIR 2012-2013, P95;1. La Isquemia Arterial Crónica;"Una mujer de 63 años de edad, ingresada en el hospital para tratamiento quirúrgico de un cáncer de colon presenta dolor pleurítico en hemitórax izquierdo y disnea de comienzo brusco. A la exploración la enferma está taquipneica, con signos de mala perfusión periférica y TA sistólica de 70 mm Hg. Un ECG muestra inversión de la onda ""T"" de V1 a V4. ¿Cuál es la conducta clínica más adecuada para realizar a continuación?";1. Pautar morfina, furosemida y dopamina y vigilar evolución. | 2. Se debe solicitar determinación de dímero D para confirmar o descartar el diagnóstico de embolia de pulmón. | 3. Hay alta sospecha de embolia de pulmón y se debe inicar tratamiento con heparina de bajo peso molecular sin realizar más estudios. | 4. Existe alta sospecha de embolia de pulmón masiva y se debe realizar angioTC para confirmarla y valorar tratamiento fibrinolítico. | 5. Se debe solicitar determinación de NTproBNP y Troponinas y conocer el resultado antes de realizar un nuevo procedimiento diagnóstico;4;--;NO;--;MEDIO
VASCULAR;MIR 2013-2014, P142;1. La Isquemia Arterial Crónica;Hombre de 65 años con antecedente de neoplasia de páncreas en curso de quimioterapia. Consulta en Urgencias por dolor y edema de todo el miembro inferior desde ingle. ¿Qué prueba diagnóstica es más coste-efectiva para confirmar la sospecha diagnóstica?;1. Dímero D. | 2. Resonancia magnética. | 3. Flebografía. | 4. Ecografía doppler venosa. | 5. TAC helicoidal;4;--;NO;--;MEDIO
VASCULAR;MIR 2014-2015, P210;1. La Isquemia Arterial Crónica;De los siguientes anticoagulantes cual es un inhibidor directo de la trombina:;1. Dabigatran. | 2. Apixaban. | 3. Ribaroxaban. | 4. Acenocumarol. | 5. Clopidogrel;1;--;NO;--;FACIL
VASCULAR;MIR 2016-2017, P94;1. La Isquemia Arterial Crónica;¿Indica cuál de las siguientes afirmaciones en referencia al factor V de Leiden es cierta?;1. Se trata de la resistencia del factor V a la acción de la proteína S. | 2. Es un trastorno adquirido que se asocia a la presencia de anticuerpos anticardiolipina. | 3. Su presencia ocasiona una prolongación del tiempo de tromboplastina parcial. | 4. Junto con la mutación de la protrombina constituye la predisposición trombótica de base genética más frecuente en nuestro medio;4;--;NO;--;FACIL
VASCULAR;MIR 2017-2018, P74;1. La Isquemia Arterial Crónica;La localización más frecuente de la trombosis venosa profunda es:;1. Plexos venosos de los músculos sóleos. | 2. Sector femoral en el muslo. | 3. Sector iliaco. | 4. Vena cava inferior;1;--;NO;--;FACIL
VASCULAR;MIR 2017-2018, P107;1. La Isquemia Arterial Crónica;Una mujer de 32 años de edad consulta porque desea quedar embarazada y refiere antecedentes de episodio de embolia de pulmón 7 años antes mientras estaba tomando anticonceptivos orales. Se realizó tratamiento con acenocumarol durante 6 meses. El estudio de trombofilia fue negativo. Se aconseja realizar profilaxis de trombosis venosa en el caso de que quede embarazada. Señale la :;1. Debe aconsejarse tratamiento profiláctico con heparina de bajo peso molecular durante el embarazo y hasta 6 semanas posparto. | 2. Debe aconsejarse tratamiento profiláctico con aspirina durante todo el embarazo. | 3. Debe aconsejarse realizar profilaxis con acenocumarol durante todo el embarazo. | 4. Dado que el estudio de trombofilia fue negativo solo se precisa realizar profilaxis de trombosis venosa con medias compresivas para miembros inferiores;1;--;NO;--;MEDIO
VASCULAR;MIR 2017-2018, P181;1. La Isquemia Arterial Crónica;Acude a su consulta una mujer diabética con una úlcera maleolar de aproximadamente 10 años de evolución. Ha requerido curas tópicas continuas pero la herida nunca ha terminado de cerrarse por segunda intención. Usted observa que uno de los bordes de la úlcera comienza a mamelonarse. ¿Cuál debe ser su actitud inmediata?;1. Ingreso hospitalario y tratamiento antibiótico por vía intravenosa. | 2. Biopsia de la zona mamelonada. | 3. Realizar curas con pomadas enzimáticas desbridantes. | 4. Cobertura de la úlcera con injerto de piel;2;--;NO;--;MEDIO
VASCULAR;MIR 2018-2019, P155;1. La Isquemia Arterial Crónica;Un hombre de 58 años a las tres semanas de un esguince grave de tobillo presenta, de forma rápidamente progresiva, disnea de reposo, marecio y síncope. Al llegar al hospital tiene hipotensión (PA sistólica 80 mmHg, diastólica 40 mmHg) y mala perfusión. Es intubado y conectado a ventilación mecánica y se inicia noradrenalina. El ecocardiograma muestra signos de hipertensión pulmonar. En la angio-TC se observan múltiples defectos de replección ocupando ambas arterias pulmonares principales. ¿Cuál de los siguientes tratamientos se sociaría a una mejoría hemodinámica más rápida en este caso ?;1. Heparina sódica en perfusión intravenosa. | 2. Tromboendarectomía. | 3. Fibrinolisis sistémica con rt - P A (alteplase) 100 mg intravenoso. | 4. Filtro en vena cava inferior.;3;--;NO;--;DIFICIL
VASCULAR;MIR 2018-2019, P223;1. La Isquemia Arterial Crónica;Mujer de 34 años, fumadora, sin antecedentes de interés ni toma de anticonceptivos, que acude a urgencias por presentar dolor en la pierna derecha de varias horas de evolución. La paciente refiere que está de vacaciones y ha estado paseando por la ciudad todo el día. En la exploración física sólo destaca la presencia de hinchazón en la región de la pantorrilla. Está preocupada porque una amiga, que es médico le ha sugerido que puede ser una trombosis. ¿Cuál debe ser su proceder diagnóstico ?;1. Dada la potencial gravedad de la enfermedad tromboembólica venosa y tratándose de una paciente joven hay que asegurarse que no tiene nada mediante la realización de un ecodoppler. | 2. La paciente tiene una probabilidad previa baja en base a la historia y los hallazgos en la exploración, por lo que lo más adecuado es realizar un a determinación de dímeros D, que, de ser negativos, descartarían la presencia de una trombosis venosa sin requerir pruebas adicionales. | 3. Al no estar inmovilizada la probabilidad clínica de presentar una trombosis es muy baja, así que no requiere estudios adicionales. | 4. En todos los pacientes en los que se sospeche una trombosis venosa aguda hay que realizar de forma urgente una determinación de dímeros-D para el diagnóstico.;2;--;NO;--;DIFICIL
VASCULAR;MIR 2012-2022, P14;1. La Isquemia Arterial Crónica;Pregunta asociada a la imagen 14. Varón de 74 años que consulta por dolor en hemitórax derecho de características pleuríticas de 1 semana de evolución, disnea de moderados esfuerzos, tos productiva y febrícula, sin síndrome general. En la analítica destaca PCR 92,9 mg/L y dímero D 1.630 ng/ml (normal <500). Se muestra la radiografía de tórax póstero-anterior. ¿Cuál es el diagnóstico de sospecha y la actitud a seguir?:;1. Solicitar angioTC de arterias pulmonares por sospecha de tromboembolismo pulmonar. | 2. Iniciar tratamiento antibiótico por sospecha de neumonía sin signos de complicación y control radiológico en 4-6 semanas. | 3. Derivarle a consulta especializada por sospecha radiológica de carcinoma de pulmón. | 4. Solicitar radiografía en decúbito lateral derecho por sospecha de derrame pleural encapsulado previo a toracocentesis;1;--;NO;--;MEDIO
VASCULAR;MIR 2021-2022, P159;1. La Isquemia Arterial Crónica;Además de las posibles complicaciones hemorrágicas ¿qué otro efecto adverso del tratamiento parenteral con heparina puede ser grave y comprometer la vida del paciente?:;1. Hipopotasemia extrema. | 2. Trastornos gastrointestinales con diarrea abundante y deshidratación. | 3. Alcalosis metabólica por toxicidad tubular renal. | 4. Trombopenia grave acompañada de fenómenos trombóticos venosos o arteriales;4;--;NO;--;MEDIO
VASCULAR;MIR 2022-2023, P125;1. La Isquemia Arterial Crónica;Mujer de 43 años, nadadora profesional, sin antecedentes de interés, que refiere hinchazón y pesadez de brazo derecho de 72 horas de evolución. En la exploración destaca edema de miembro superior derecho con presencia de venas dilatadas en región pectoral. En relación con el enfoque diagnóstico, señale la respuesta INCORRECTA:;1. El eco-Doppler color es de gran valor como primera prueba diagnóstica. | 2. Debe realizarse una radiografía simple de tórax para detectar anomalías óseas. | 3. La angio-TC permite el diagnóstico de confirmación. | 4. Debe realizarse una flebografía para confirmar la presencia de trombosis venosa axilosubclavia;4;--;NO;--;MEDIO
VASCULAR;MIR 2022-2023, P129;1. La Isquemia Arterial Crónica;Mujer de 70 años ingresada por traumatismo craneoencefálico grave con hemorragia subaracnoidea secundaria. El segundo día de ingreso presenta episodio de disnea y dolor torácico. Se realiza angioTC de tórax que confirma el diagnóstico de tromboembolismo de pulmón. El tratamiento de elección es:;1. Heparina de bajo peso molecular. | 2. Rivaroxaban. | 3. Acenocumarol. | 4. Filtro de vena cava inferior;4;--;NO;--;MEDIO
VASCULAR;MIR 2024-2025, P146;1. La Isquemia Arterial Crónica;Hombre de 76 años que es intervenido por recambio protésico de cadera derecha tras traumatismo. Entre los antecedentes personales destaca hipertensión arterial en tratamiento fármacológico y recambio protésico de rodilla izquierda hace 3 meses por artrosis evolucionada. Al cuarto día del postoperatorio se detecta trombopenia de 52.000/mm3 con cifras de hemoglobina y leucocitos normales. El estudio de coagulación y la bioquímica es normal. ¿Cuál es el diagnóstico más probable?:;1. Púrpura trombótica trombocitopénica. | 2. Coagulación intravascular diseminada. | 3. Trombopenia inducida por heparina. | 4. Síndrome hemolítico urémico;3;--;NO;--;MEDIO
VASCULAR;MIR 2024-2025, P165;1. La Isquemia Arterial Crónica;Una mujer de 45 años con antecedentes de pleuritis hace 3 años y episodios ocasionales de poliartritis en los últimos 8 meses, fue diagnosticada de LES hace un mes tras un ingreso por fatiga y dolor torácico opresivo de esfuerzo, donde se objetivó una Hb de 5,8 g/dL y VCM de 109 fL por una anemia hemolítica autoinmune. El resto de la analítica mostró una linfopenia de 900/mm3 , plaquetas en rango de normalidad, función hepática, creatinina y ionograma normales, tiempo de protrombina 85%, TTPA se muestra prolongado (ratio de 1,8). Existe hipocomplementemia C3 y C4, ANA 1/640, con Anti-DNA +. Fue dada de alta con corticoides, hidroxicloroquina y belimumab semanal subcutáneo. A las tres semanas del alta refiere sensación disneica de 48 horas de evolución sin otros síntomas acompañantes, la Hb de urgencias es de 10,2 gr/dL. ¿Cuál de las siguientes determinaciones de laboratorio deberíamos realizar en primer lugar?:;1. Dímero D. | 2. Proteínas en orina. | 3. NT-proBNP. | 4. Test de Coombs;1;--;NO;--;DIFICIL
VASCULAR;MIR 2025-2026, P16;1. La Isquemia Arterial Crónica;Mujer de 63 años de edad con diagnóstico de cáncer de endometrio estadio I. Ha sido intervenida mediante histerectomía radical más linfadenectomía pélvica y para-aórtica, finalizando con radioterapia. En la exploración física se objetiva un signo de Stemmer positivo. Tras visualizar la imagen (IMAGEN 16), ¿cuál de estas opciones considera que es la correcta?;1. La paciente presenta una linfangitis, que se tratará mediante pauta de amoxicilinaclavulánico durante 10 días. | 2. La paciente tiene un lipedema, que se tratará con actividad física de bajo impacto con el objetivo de mejorar la circulación. | 3. La paciente presenta un linfedema, que se tratará mediante prenda de presoterapia a medida y drenaje linfático manual. | 4. La paciente presenta una sospecha de trombosis venosa profunda en la extremidad, por lo que solicitaremos un estudio de imagen con doppler vascular para confirmar el diagnóstico;3;--;NO;--;MEDIO
VASCULAR;MIR 2025-2026, P202;1. La Isquemia Arterial Crónica;Respecto a la Trombosis Venosa Profunda, señale lo correcto:;1. Tras la sospecha clínica, el diagnóstico suele realizarse mediante ecografía doppler. | 2. Los pacientes con factores de riesgo o trombosis venosas de repetición suelen precisar anticoagulación durante 12 meses. | 3. Por norma general, la anticoagulación se suele mantener durante 3 semanas. | 4. La tas de recidiva es del 60%;1;--;NO;--;MEDIO
